<Settings>
  <SwfsToLoad>
				<SwfToLoad id="music" path="http://a.dolimg.com/media/en-US/games/nondxdgames/pre_mch_choochooexpress/music.swf" target="none" />
  </SwfsToLoad>
	<GeneralSettings>
	    
	</GeneralSettings>
	<SoundsToLoad dir="http://a.dolimg.com/media/en-US/games/nondxdgames/pre_mch_choochooexpress/mp3/">
		<sound path="CCE_1.mp3" list="intro" />
    <sound path="CCE_2.mp3" list="intro" />
		<sound path="CCE_3A.mp3" list="intro" />
		<sound path="CCE_3B.mp3" list="intro" />
		<sound path="CCE_2.mp3" list="prompt" />
		<sound path="CCE_3A.mp3" list="prompt" />
		<sound path="CCE_3B.mp3" list="prompt" />
		<sound path="HMM_39.mp3" list="rovid" />
		<sound path="CCE_4.mp3" list="rogame" />
		<sound path="CCE_5.mp3" list="rotips" /> 
		<sound path="CCE_5a.mp3" list="rovwatch" /> 
	</SoundsToLoad>
</Settings>
